Country,Longitude,Latitude,Average_Tone,Mentions
Afghanistan,65.0,33.0,1,7
Argentina,-57.9545,-34.9215,1,1
Armenia,44.6493,40.9179,1,10
Armenia,45.0,40.0,2,15
Australia,115.074,-33.9536,2,6
Australia,115.107,-33.6185,2,10
Australia,115.833,-31.9333,2,28
Australia,117.973,-35.0458,2,4
Australia,138.6,-34.9333,1,2
Australia,140.838,-17.4888,0,4
Australia,142.467,-10.7167,3,15
Australia,142.488,-38.3818,0,4
Australia,144.217,-36.65,1,5
Australia,144.967,-37.8167,3,48
Australia,145.35,-41.9333,2,4
Australia,145.94,-41.68,3,2
Australia,146.105,-17.871,3,10
Australia,147.695,-37.9349,1,4
Australia,149.117,-21.0667,2,5
Australia,149.217,-35.2833,2,86
Australia,150.081,-35.9125,1,8
Australia,150.418,-33.6152,2,20
Australia,150.506,-23.3803,4,25
Australia,151.217,-33.8833,2,132
Australia,151.235,-33.8985,4,10
Australia,151.318,-33.6318,2,569
Australia,151.35,-33.5167,2,10
Australia,151.954,-27.5606,0,5
Australia,153.0,-26.5,0,5
Australia,153.1,-26.6601,2,4
Australia,153.167,-25.2503,0,10
Bahamas,-75.8842,23.5694,1,10
Bangladesh,89.75,23.8335,2,2
Belarus,27.5667,53.9,1,18
Belgium,4.33333,50.8333,2,261
Brazil,-34.9,-8.05,2,70
Brazil,-36.4833,-7.31667,1,20
Brazil,-39.3333,-12.1667,4,2
Brazil,-41.6167,-5.5,3,5
Brazil,-43.2333,-22.9,2,103
Brazil,-46.7463,-23.4058,2,5
Brazil,-49.0,-0.166667,0,55
Brazil,-55.0,-10.0,2,182
Bulgaria,27.0,42.0667,2,24
Cambodia,103.013,11.3336,0,304
Cambodia,104.917,11.55,0,30
Cameroon,12.0,6.0,2,36
Canada,-100.0,75.0,1,9
Canada,-110.683,50.0333,0,10
Canada,-111.383,56.7333,1,46
Canada,-113.95,49.4833,0,10
Canada,-114.083,51.0833,2,34
Canada,-117.333,52.1667,2,20
Canada,-123.15,49.7,3,18
Canada,-123.25,49.6667,2,16
Canada,-123.767,49.4667,2,16
Canada,-65.8333,65.3333,5,5
Canada,-66.8667,52.9167,3,1
Canada,-72.0,47.5,1,117
Canada,-77.45,46.0167,2,4
Canada,-78.0,43.6667,3,7
Canada,-85.0,45.0,3,40
Canada,-94.05,61.1167,1,2
Canada,-99.45,50.2333,2,10
CentralAfricanRepublic,21.0,7.0,1,10
Chad,19.0,15.0,1,19
Chile,-70.65,-30.0167,3,10
Chile,-72.0667,-45.5667,2,6
China,103.478,34.6485,1,4
China,105.48,35.1221,5,2
China,109.484,18.9394,0,8
China,116.388,39.9289,1,200
China,120.169,30.2553,2,10
China,98.2833,30.8667,3,30
Colombia,-69.0,2.5,4,30
Colombia,-69.9406,-4.21528,1,10
Colombia,-72.0,4.0,1,5
Colombia,-74.0833,4.6,9,10
Colombia,-75.5144,10.3997,3,3
Congo,15.0,-1.0,0,68
CostaRica,-83.5931,9.23396,3,12
Cuba,-83.4833,22.4167,3,3
Cyprus,33.0,35.0,4,10
CzechRepublic,14.3483,49.193,5,2
CzechRepublic,17.2512,49.594,1,8
DemocraticRepublicoftheCongo,15.315,-4.32972,0,2
DemocraticRepublicoftheCongo,23.25,-6.26667,1,120
Denmark,10.0,56.0,2,45
DominicanRepublic,-70.4646,19.1011,2,4
Ecuador,-77.5,-2.0,2,48
Egypt,30.0,27.0,2,27
ElSalvador,-88.9167,13.8333,2,5
Gambia,-16.5775,13.4531,2,26
Germany,9.0,51.0,2,221
Ghana,-0.839296,9.40079,5,8
Ghana,0.318026,9.24436,5,1
Greece,23.7333,37.9833,1,30
Guadeloupe,-61.5833,16.25,7,3
Honduras,-87.1167,14.6,1,6
Honduras,-87.2167,14.1,2,5
Iceland,-21.95,64.15,2,70
India,72.6167,23.0333,1,12
India,73.9333,19.0,1,2
India,74.8656,31.6331,4,10
India,75.7833,12.9667,1,10
India,76.0,13.5,0,17
India,76.6333,11.6667,1,10
India,77.0,20.0,1,337
India,78.35,19.1,2,5
India,78.5,23.5,2,2
India,79.4167,28.35,5,20
India,80.75,27.25,1,170
India,81.75,21.5,5,14
India,85.5167,25.1833,3,12
India,88.3697,22.5697,1,45
India,88.4236,26.7161,1,20
Indonesia,106.829,-6.17444,1,54
Indonesia,109.004,-6.8713,4,1
Indonesia,109.183,1.61667,1,18
Indonesia,112.751,-7.24917,1,4
Ireland,-9.71667,52.2667,2,8
Israel,34.7667,32.0667,4,5
Israel,35.2333,31.7667,1,8
Israel,35.5,32.6667,2,6
Italy,12.8333,42.8333,1,66
Japan,133.667,33.3333,1,5
Kazakhstan,51.8833,47.1167,2,10
Kenya,36.8167,-1.28333,2,99
Kenya,36.8333,-1.16667,2,4
Kenya,36.8833,-1.21667,2,4
Kenya,37.2414,0.089038,0,10
Kenya,37.8897,0.665673,2,30
Kenya,38.3724,0.101836,5,10
Kenya,38.3762,-3.49947,0,10
Laos,105.0,18.0,2,128
Madagascar,47.4544,-21.2592,5,18
Malaysia,100.917,3.7229,4,4
Malaysia,103.462,3.5321,1,20
Malaysia,111.733,1.1,8,18
Malaysia,116.072,5.9749,2,14
Malta,14.2942,36.0378,2,10
Malta,14.3458,35.97,1,4
MarshallIslands,168.0,9.0,1,21
Mexico,-100.483,17.125,2,2
Mexico,-102.0,23.0,1,387
Mexico,-104.393,19.1167,1,6
Mexico,-105.917,22.75,3,2
Mexico,-114.95,31.9,1,46
Mexico,-88.6333,20.8667,1,12
Mexico,-91.8542,17.475,2,20
Morocco,-5.0,32.0,1,16
Namibia,25.1667,-17.7833,0,8
Nepal,83.9877,28.2185,1,14
Nepal,84.0,28.0,1,16
Nepal,85.35,27.6667,1,2
Nepal,85.35,27.7,1,10
Netherlands,4.91667,52.35,1,20
NewZealand,168.6,-46.5667,4,15
NewZealand,169.5,-45.25,4,4
NewZealand,172.867,-40.5167,1,20
NewZealand,174.783,-41.3,5,108
NewZealand,175.417,-36.1667,7,24
NewZealand,176.217,-37.9,2,20
NewZealand,176.75,-38.3333,2,5
Niger,8.0,16.0,0,15
Nigeria,3.39583,6.45306,2,32
Norway,10.75,59.9167,1,20
Pakistan,67.7355,24.1909,2,2
Pakistan,70.0,30.0,0,5
Pakistan,73.3908,34.0726,2,20
Pakistan,74.3436,31.5497,4,38
Peru,-72.9453,-11.7175,2,10
Peru,-77.05,-12.05,2,147
Philippines,120.233,14.79,2,5
Philippines,120.982,14.6042,2,72
Philippines,122.0,13.0,3,38
Philippines,122.148,7.6725,2,5
Philippines,123.64,10.1061,2,30
Qatar,51.25,25.5,2,10
Russia,49.5667,52.5833,1,10
Russia,60.3156,56.4412,2,10
Russia,95.4075,56.2539,2,5
SaudiArabia,45.0,25.0,2,15
Seychelles,55.6667,-4.5833,1,2
Singapore,103.812,1.26389,2,2
Singapore,103.858,1.28389,1,80
Somalia,42.5454,-0.358173,2,2
Somalia,44.0297,1.1132,2,10
SouthAfrica,18.4167,-32.5,2,2
SouthAfrica,22.0,-32.0,2,10
SouthAfrica,31.5,-23.8333,1,17
SouthAfrica,31.534,-27.8818,1,10
SouthAfrica,31.538,-25.6403,1,38
SouthKorea,127.5,37.0,2,14
SouthSudan,31.6012,4.84597,0,5
Spain,-15.5,28.0,1,173
Spain,-3.68333,40.4,1,607
Spain,-4.0,40.0,3,53
SriLanka,80.7073,7.6598,0,10
Sweden,18.05,59.3333,3,530
Switzerland,7.46667,46.9167,4,42
Switzerland,8.55,47.3667,3,20
Syria,38.0,35.0,3,28
Tanzania,35.0,-6.0,2,47
Tanzania,35.6167,-2.05,2,10
Tanzania,36.6833,-3.36667,2,40
Tanzania,40.1833,-10.2667,1,10
Thailand,100.931,13.1737,2,4
TrinidadandTobago,-61.076,10.4239,1,3
TrinidadandTobago,-61.1322,10.5871,3,12
TrinidadandTobago,-61.4599,10.3664,1,5
TrinidadandTobago,-61.4951,10.6486,3,4
TrinidadandTobago,-61.5486,10.1844,1,3
TrinidadandTobago,-61.5667,10.2167,2,5
TrinidadandTobago,-61.6133,10.2423,0,8
TrinidadandTobago,-61.6824,10.1782,2,92
Tunisia,10.1797,36.8028,3,1
Turkey,28.6767,41.3053,1,4
Turkey,29.0433,41.0572,1,16
Turkey,32.8644,39.9272,1,6
Turkey,32.8918,36.6404,2,16
Turkey,35.3289,37.0017,1,6
Turkey,35.6592,38.7918,2,17
Uganda,31.3667,-0.45,2,10
Uganda,31.7591,2.16002,2,10
Uganda,32.5667,0.333333,1,34
UnitedArabEmirates,54.3667,24.4667,3,10
UnitedKingdom,-0.133333,51.5,7,399
UnitedKingdom,-0.5,50.9167,3,6
UnitedKingdom,-0.6,53.3833,2,200
UnitedKingdom,-0.916667,50.85,3,3
UnitedKingdom,-1.16667,51.0833,3,2
UnitedKingdom,-1.25,51.5,2,20
UnitedKingdom,-2.23333,53.45,3,20
UnitedKingdom,-3.01639,51.2169,1,16
UnitedKingdom,-3.15,51.8,2,10
UnitedKingdom,-4.25,57.5833,2,10
UnitedKingdom,-4.26667,53.15,3,8
UnitedKingdom,-6.0,56.7167,1,10
UnitedKingdom,0.466667,51.5,3,5
UnitedStates,-101.831,35.222,3,9
UnitedStates,-102.989,38.46,3,8
UnitedStates,-104.384,39.8666,3,12
UnitedStates,-105.075,40.3978,4,2
UnitedStates,-105.271,40.015,3,5
UnitedStates,-105.351,40.0833,4,10
UnitedStates,-105.606,37.9883,2,2
UnitedStates,-105.683,35.5389,2,6
UnitedStates,-106.302,39.235,1,10
UnitedStates,-106.733,34.8062,2,5
UnitedStates,-106.925,38.5458,2,15
UnitedStates,-107.209,42.7475,3,293
UnitedStates,-108.551,39.0639,2,18
UnitedStates,-108.569,38.2183,1,2
UnitedStates,-108.984,40.5289,1,6
UnitedStates,-109.74,38.4844,4,5
UnitedStates,-109.786,33.9384,0,52
UnitedStates,-110.388,40.1616,1,10
UnitedStates,-110.667,32.5006,1,4
UnitedStates,-110.667,47.8183,5,4
UnitedStates,-112.139,36.0544,2,125
UnitedStates,-112.653,39.2869,2,2
UnitedStates,-115.311,35.3405,1,36
UnitedStates,-116.879,44.1277,3,2
UnitedStates,-117.113,32.5839,2,4
UnitedStates,-117.122,38.4199,2,150
UnitedStates,-117.152,32.7367,3,26
UnitedStates,-117.33,33.2106,5,18
UnitedStates,-118.327,34.0983,2,67
UnitedStates,-118.36,34.1819,3,8
UnitedStates,-118.668,34.9166,1,10
UnitedStates,-118.775,34.1364,4,3
UnitedStates,-118.853,44.2482,3,159
UnitedStates,-119.001,44.5002,4,1430
UnitedStates,-119.015,38.0076,2,10
UnitedStates,-119.574,37.7308,3,20
UnitedStates,-119.746,36.17,2,2845
UnitedStates,-120.062,38.9011,3,6
UnitedStates,-120.857,35.2122,2,1
UnitedStates,-121.121,37.0573,1,4
UnitedStates,-121.291,37.9577,1,66
UnitedStates,-121.523,40.3263,1,2
UnitedStates,-121.895,36.6002,3,7
UnitedStates,-122.127,44.5672,1,363
UnitedStates,-122.271,37.8044,1,13
UnitedStates,-122.408,37.3749,2,14
UnitedStates,-122.43,47.377,2,13
UnitedStates,-122.435,47.8332,0,5
UnitedStates,-122.458,38.2919,2,20
UnitedStates,-122.485,37.8591,1,2
UnitedStates,-122.607,42.0749,2,2
UnitedStates,-122.748,48.8618,1,10
UnitedStates,-122.919,38.0119,3,160
UnitedStates,-132.908,55.6319,3,6
UnitedStates,-133.682,56.9117,2,20
UnitedStates,-133.977,58.4264,2,1
UnitedStates,-144.501,68.7506,4,8
UnitedStates,-147.716,64.8378,2,2
UnitedStates,-155.717,20.0833,2,6
UnitedStates,-157.531,21.1098,1,49
UnitedStates,-159.808,57.3264,2,31
UnitedStates,-163.008,69.7439,1,15
UnitedStates,-68.9034,44.3084,4,6
UnitedStates,-69.3977,44.6074,2,932
UnitedStates,-70.885,42.5195,2,4
UnitedStates,-71.1106,41.8157,1,36
UnitedStates,-71.5314,42.2373,2,159
UnitedStates,-71.6412,42.3195,2,4
UnitedStates,-71.8337,41.3773,2,8
UnitedStates,-72.1934,41.1809,1,7
UnitedStates,-72.7093,44.0407,2,174
UnitedStates,-72.8195,41.794,4,10
UnitedStates,-73.1409,40.9257,5,40
UnitedStates,-73.1409,43.2398,3,30
UnitedStates,-73.1804,44.0634,4,20
UnitedStates,-73.1929,42.5126,0,28
UnitedStates,-73.2121,44.4759,3,28
UnitedStates,-73.2596,41.4087,3,14
UnitedStates,-73.3518,41.6751,2,16
UnitedStates,-73.8243,40.9601,3,7
UnitedStates,-74.0282,40.6968,3,26
UnitedStates,-74.1496,40.5834,3,14
UnitedStates,-74.2813,40.9715,2,10
UnitedStates,-74.3188,41.1826,3,6
UnitedStates,-74.906,38.9351,1,10
UnitedStates,-74.9384,42.1497,2,1774
UnitedStates,-75.1316,39.8679,9,4
UnitedStates,-75.1638,39.9523,1,148
UnitedStates,-75.5232,41.9601,4,4
UnitedStates,-75.5244,39.1582,6,12
UnitedStates,-75.9519,37.3079,1,8
UnitedStates,-75.978,36.8529,3,2
UnitedStates,-76.2852,36.8468,1,43
UnitedStates,-76.383,38.5168,5,14
UnitedStates,-76.6608,39.2646,2,24
UnitedStates,-76.7902,39.0724,3,83
UnitedStates,-76.8147,34.6946,3,1
UnitedStates,-76.9183,42.6129,2,5
UnitedStates,-77.0003,38.889,2,11
UnitedStates,-77.0262,38.8964,0,14
UnitedStates,-77.0726,38.9073,0,25
UnitedStates,-77.264,40.5773,2,433
UnitedStates,-78.6386,35.7721,2,119
UnitedStates,-78.9361,42.7112,3,5
UnitedStates,-79.0086,34.6182,1,6
UnitedStates,-79.3759,39.6237,6,10
UnitedStates,-79.4612,33.0882,2,3
UnitedStates,-79.7625,36.4646,1,88
UnitedStates,-79.8626,32.7941,2,30
UnitedStates,-79.912,32.8591,1,2
UnitedStates,-80.0512,26.767,1,4
UnitedStates,-80.0851,42.1292,1,8
UnitedStates,-80.1439,26.0523,3,2
UnitedStates,-80.2787,25.7195,1,5
UnitedStates,-80.5331,35.9335,3,2
UnitedStates,-80.672,28.5392,2,4
UnitedStates,-81.2414,42.149,0,16
UnitedStates,-81.2915,28.4586,1,10
UnitedStates,-81.4173,26.4187,2,8
UnitedStates,-81.717,27.8333,2,439
UnitedStates,-81.9915,36.3126,3,6
UnitedStates,-83.0458,42.3314,2,60
UnitedStates,-83.229,36.082,2,1
UnitedStates,-83.5783,41.6645,0,62
UnitedStates,-83.7263,42.2709,1,6
UnitedStates,-84.6155,40.7714,0,1
UnitedStates,-84.6514,37.669,2,65
UnitedStates,-85.3097,35.0456,6,4
UnitedStates,-86.7489,35.7449,2,192
UnitedStates,-86.7844,36.1659,5,5
UnitedStates,-87.582,40.8275,1,10
UnitedStates,-87.6501,41.85,2,93
UnitedStates,-88.492,44.6111,4,1
UnitedStates,-88.7668,44.8,4,5
UnitedStates,-89.0022,40.3363,1,409
UnitedStates,-89.3704,42.8536,2,2
UnitedStates,-89.6385,44.2563,2,109
UnitedStates,-89.7001,29.4502,4,2
UnitedStates,-89.9381,29.3741,2,2
UnitedStates,-90.2443,32.3132,1,2
UnitedStates,-90.4434,38.7711,1,4
UnitedStates,-90.5788,41.5095,3,10
UnitedStates,-91.7835,44.3666,3,16
UnitedStates,-92.302,38.4623,1,109
UnitedStates,-93.1402,32.9621,3,4
UnitedStates,-93.1491,44.8969,3,10
UnitedStates,-93.201,43.1536,3,5
UnitedStates,-93.214,42.0046,2,97
UnitedStates,-93.6622,40.0947,4,8
UnitedStates,-93.9196,45.7326,3,229
UnitedStates,-93.9288,29.8988,3,4
UnitedStates,-94.7527,29.318,0,86
UnitedStates,-95.3633,29.7633,2,58
UnitedStates,-95.4311,47.6919,0,20
UnitedStates,-96.6836,40.7833,2,2
UnitedStates,-96.9247,35.5376,2,245
UnitedStates,-97.0247,40.0378,0,10
UnitedStates,-97.0329,47.9253,1,10
UnitedStates,-97.2629,46.7744,0,18
UnitedStates,-97.4445,35.204,3,18
UnitedStates,-98.3087,45.5527,2,1
UnitedStates,-98.7084,46.9105,2,10
UnitedStates,-99.34,38.8724,1,44
VaticanCity,12.45,41.9,3,20
Venezuela,-63.5643,10.1787,2,3
Venezuela,-64.3213,8.45192,0,6
Vietnam,105.85,21.0333,2,7
Vietnam,106.667,10.3333,3,4
Vietnam,107.0,11.0,1,8
Yemen,43.4514,15.6683,2,20
Zambia,27.0,-12.0,1,4
Zambia,28.2833,-15.4167,1,20
Zimbabwe,31.0447,-17.8178,4,32
Angola,18.5,-12.5,4,48
Antarctica,32.3438,-85.6221,1,15
Armenia,45.36,39.8718,1,4
Australia,115.767,-32.0,1,30
Australia,133.25,-24.5833,2,12
Australia,136.884,-30.4559,1,8
Australia,140.567,-34.2333,1,40
Australia,145.571,-36.7556,4,12
Australia,146.806,-19.2664,3,10
Australia,147.129,-41.4361,1,3
Australia,147.28,-43.29,2,30
Australia,147.914,-42.5018,1,40
Australia,148.067,-19.8833,2,470
Australia,149.333,-23.65,1,6
Australia,150.89,-32.2612,2,9
Australia,150.897,-23.3893,4,155
Australia,151.371,-33.4298,1,4
Australia,153.033,-27.45,0,6
Australia,153.091,-26.5333,4,4
Bahamas,-77.35,25.0833,3,168
Bahamas,-77.5833,25.0333,3,17
Bangladesh,89.1354,21.8745,2,22
Bangladesh,89.6149,22.4708,1,5
Bangladesh,90.5167,23.5333,1,20
Bangladesh,91.4167,24.3833,0,8
Belgium,4.0,50.8333,1,136
Bolivia,-68.15,-16.5,2,4
Botswana,24.0,-22.0,2,15
Brazil,-37.55,-7.58333,1,52
Brazil,-39.9167,-3.93333,2,5
Brazil,-46.6167,-23.5333,2,57
Brazil,-47.9167,-15.7833,4,101
Bulgaria,24.9333,41.7667,2,6
Cambodia,105.0,13.0,0,42
Cambodia,106.019,12.4881,0,50
Cameroon,11.55,3.73333,1,1
Canada,-108.083,59.4667,1,10
Canada,-110.183,54.465,2,9
Canada,-117.283,56.2333,2,25
Canada,-118.0,65.0,3,210
Canada,-120.333,50.6667,2,10
Canada,-120.7,53.6167,0,10
Canada,-121.933,50.6833,2,4
Canada,-123.133,49.25,2,253
Canada,-123.233,49.3,2,20
Canada,-125.9,49.1333,1,1
Canada,-126.7,54.55,7,4
Canada,-128.7,54.0,2,51
Canada,-129.133,53.6667,2,10
Canada,-131.117,56.05,1,8
Canada,-70.8833,45.5833,2,10
Canada,-73.5833,45.5,1,226
Canada,-73.75,45.4333,2,4
Canada,-79.2333,42.8833,2,3
Canada,-89.2333,48.4,3,10
Canada,-95.0,60.0,2,1477
Canada,-97.1667,49.8833,1,16
Canada,-97.7167,52.15,4,25
Chile,-70.7833,-33.7333,2,15
Chile,-72.6667,-42.8986,2,1
Chile,-72.7,-45.4,1,12
Chile,-73.9667,-46.6667,2,4
China,101.551,21.4686,2,24
China,105.0,35.0,2,819
China,111.117,22.2,2,10
China,112.422,33.415,3,1
China,113.453,23.1114,4,3
China,116.274,27.7481,3,4
China,121.458,31.2222,3,14
China,92.4,31.7,4,9
Colombia,-74.4,4.6,0,8
CostaRica,-84.0,10.0,2,83
CostaRica,-84.8388,9.97615,3,10
Croatia,14.1811,45.1367,2,10
Cuba,-84.57,21.9583,3,3
Cyprus,33.95,35.125,4,10
CzechRepublic,14.4667,50.0833,1,2
DominicanRepublic,-68.3656,18.5269,1,5
DominicanRepublic,-69.7972,18.5439,0,10
Ecuador,-78.5,-0.216667,2,8
Egypt,31.2274,30.0676,1,20
Egypt,31.25,30.05,1,26
ElSalvador,-89.1728,13.5814,2,4
EquatorialGuinea,-10.0,11.0,1,6
Fiji,175.0,-18.0,1,10
France,4.52338,48.5556,2,30
France,5.73333,45.6333,2,165
Gabon,11.4,2.15,6,5
Gabon,11.75,-1.0,1,15
Georgia,44.4183,41.3787,4,10
Germany,10.0,53.55,1,12
Germany,13.0,51.0,1,13
Germany,13.4,52.5167,2,15
Germany,14.6333,51.9333,2,6
Guam,145.096,13.2613,6,8
Guyana,-58.1615,6.8094,1,11
Honduras,-86.5,15.0,1,1
HongKong,113.921,22.3079,3,8
HongKong,113.941,22.2614,1,10
HongKong,114.267,22.3833,1,5
Iceland,-18.0,65.0,0,39
India,72.7333,19.65,0,8
India,72.8258,18.975,0,42
India,72.85,19.5167,0,5
India,74.05,21.7833,4,2
India,75.0,14.0,0,3
India,75.3333,19.8833,4,20
India,75.75,12.4167,1,6
India,75.8167,26.9167,2,11
India,76.0,28.0,0,2
India,76.5,10.0,2,54
India,77.2167,28.6667,1,35
India,77.4,23.2667,2,20
India,77.8667,9.16667,1,10
India,78.0,11.0,3,14
India,80.2672,12.9953,2,40
India,80.2833,13.0833,3,15
India,80.35,26.4667,3,10
India,81.85,25.45,2,52
India,83.3,17.7,4,28
India,83.3739,26.755,2,2
India,83.4333,17.8833,4,8
India,85.1167,25.6,3,8
India,86.7669,21.4581,0,5
India,88.0583,22.0253,3,16
Indonesia,105.933,-1.71667,1,5
Indonesia,110.89,-6.6164,1,10
Indonesia,116.5,1.5,3,3
Iran,45.0724,37.5553,1,5
Iraq,43.4931,34.9307,3,10
Ireland,-8.0,53.0,2,42
Ireland,-8.22194,53.0206,2,9
Ireland,-9.30583,53.9119,3,4
Israel,34.5715,31.6693,1,14
Israel,34.6667,29.0,3,8
Israel,34.75,31.5,2,9
Israel,35.0,31.75,1,5
Israel,35.1278,32.8389,1,20
Italy,10.2833,44.0667,3,10
Italy,12.4833,41.9,2,9
Italy,9.2,45.4667,3,8
Jamaica,-76.9469,17.8942,3,10
Jamaica,-77.0972,17.9092,3,8
Japan,135.5,34.6667,1,29
Japan,135.95,33.5833,0,50
Jersey,-2.12585,49.1961,2,96
Jordan,35.9333,31.95,1,10
Jordan,36.0,31.0,2,15
Kenya,35.8601,-1.07829,2,5
Kenya,36.4359,-0.716667,2,5
Kenya,37.1076,-0.369977,3,12
Kenya,38.0,1.0,2,204
Kenya,38.4619,-2.99208,2,17
Kenya,39.2758,-3.78298,2,24
Lebanon,35.5097,33.8719,4,6
Macau,113.55,22.1667,3,6
Madagascar,47.0,-20.0,2,13
Madagascar,49.4081,-18.1513,4,10
Malaysia,100.335,5.41123,1,10
Malaysia,101.25,3.35,2,10
Malaysia,101.7,3.16667,1,10
Malaysia,112.5,2.5,3,62
Mauritius,57.55,-20.2833,1,20
Mexico,-114.777,32.4631,1,28
Mexico,-99.1386,19.4342,2,34
Mexico,-99.8206,24.4458,1,6
Mongolia,105.0,46.0,0,30
Mozambique,37.4967,-14.1989,0,410
Myanmar,96.1561,16.8053,1,5
Namibia,14.5333,-22.6833,3,14
Nepal,85.3167,27.7167,1,2
Netherlands,5.75,52.5,1,178
NewZealand,171.283,-44.25,3,2
NewZealand,174.0,-41.0,1,66
NewZealand,174.583,-36.75,4,20
NewZealand,175.233,-41.1167,1,6
Nicaragua,-83.3833,12.4667,2,10
Nicaragua,-85.0,13.0,2,13
Nicaragua,-85.479,11.4887,2,48
Nigeria,8.0,10.0,2,62
NorthernMarianaIslands,144.888,19.4355,2,69
Norway,10.0,62.0,0,350
Norway,24.2833,70.45,2,20
Oman,58.0,25.0,1,10
Pakistan,67.05,24.8667,1,29
Pakistan,71.6469,34.1779,2,10
Pakistan,73.2145,34.1469,2,10
Panama,-78.25,9.25,3,10
PapuaNewGuinea,153.001,-11.5888,3,20
Peru,-76.4,-4.91667,2,10
Peru,-78.0,-5.0,2,4
Philippines,120.55,16.45,2,133
Philippines,121.069,14.659,2,4
Philippines,121.459,16.3342,2,1
Philippines,123.4,8.63333,1,39
Philippines,123.548,10.2219,2,2
Philippines,123.8,10.5167,2,16
Philippines,123.892,10.3111,1,4
Philippines,124.252,7.52139,2,6
Philippines,124.467,6.86667,2,2
Philippines,124.621,10.9486,1,4
Philippines,125.43,7.74306,2,4
Poland,21.0,52.25,2,20
Portugal,-7.5389,38.2167,3,15
Portugal,-8.0,39.5,3,80
Portugal,-9.42314,38.6974,3,10
PuertoRico,-66.4838,18.2359,1,123
Qatar,51.5333,25.2867,2,168
Russia,100.0,60.0,2,160
Russia,36.1873,51.7373,1,8
Russia,39.7257,43.5992,1,62
Rwanda,29.5,-1.5,4,10
Rwanda,29.5048,-2.631,2,10
Rwanda,29.5624,-2.6257,1,22
SaudiArabia,39.2192,21.5169,3,10
SaudiArabia,39.8261,21.4267,2,10
Singapore,102.0,4.0,1,5
Singapore,103.78,1.29611,1,4
SouthAfrica,18.2728,-32.9002,1,12
SouthAfrica,18.35,-34.0333,2,2
SouthAfrica,25.8771,-25.4543,0,4
SouthAfrica,27.1,-26.7167,1,4
SouthAfrica,29.4551,-31.2895,3,10
SouthKorea,127.384,37.1225,6,2
SouthKorea,128.651,37.4364,2,12
Spain,-15.4134,28.0997,1,12
Spain,-3.5992,37.1784,1,5
SriLanka,79.8822,6.8353,1,10
SriLanka,81.0,7.0,1,24
Sudan,30.7,12.4333,3,10
Suriname,-55.9167,5.8,3,10
Svalbard,20.0,78.0,0,10
Sweden,20.25,63.8333,3,10
Switzerland,6.14811,46.1956,2,18
Taiwan,121.0,23.5,1,34
Tajikistan,71.0,39.0,2,12
Tanzania,29.6167,-4.7,2,15
Tanzania,38.6667,-5.11667,2,20
Tanzania,39.2833,-6.8,1,29
Tanzania,39.3,-5.76667,2,5
Thailand,100.0,15.0,1,23
Thailand,102.896,17.2664,2,10
Thailand,99.4,9.21667,1,6
Thailand,99.8543,12.0828,2,13
Thailand,99.9989,13.3643,2,6
TrinidadandTobago,-61.0,11.0,1,250
TrinidadandTobago,-61.4344,10.7635,3,4
TrinidadandTobago,-61.5167,10.65,1,42
Turkey,27.6997,38.4953,0,10
UnitedArabEmirates,55.2529,25.1877,2,2
UnitedKingdom,-0.45,51.4667,1,13
UnitedKingdom,-1.03333,51.5667,1,5
UnitedKingdom,-1.16667,52.9667,3,2
UnitedKingdom,-1.7,52.6167,3,2
UnitedKingdom,-2.08333,51.9,1,2
UnitedKingdom,-2.37806,51.7325,3,10
UnitedKingdom,-2.58333,51.45,5,10
UnitedKingdom,-2.61667,59.15,3,10
UnitedKingdom,-2.93333,59.1667,2,4
UnitedKingdom,-3.2,55.95,2,14
UnitedKingdom,-4.06472,51.6622,1,10
UnitedKingdom,-4.15,57.55,3,10
UnitedKingdom,-4.73333,56.0167,5,8
UnitedKingdom,-5.75,55.4333,6,3
UnitedKingdom,-5.93333,54.5833,2,4
UnitedKingdom,-6.5,54.5,3,10
UnitedKingdom,0.05,52.2167,5,10
UnitedStates,-100.017,37.7528,2,3
UnitedStates,-102.366,43.1405,2,20
UnitedStates,-104.82,41.14,1,14
UnitedStates,-104.823,40.215,0,10
UnitedStates,-104.957,38.8597,3,40
UnitedStates,-104.985,39.7392,2,209
UnitedStates,-105.327,39.0646,2,525
UnitedStates,-108.317,41.2666,3,20
UnitedStates,-109.501,37.7505,2,6
UnitedStates,-109.867,42.6999,3,10
UnitedStates,-110.292,39.1666,1,15
UnitedStates,-110.326,46.9048,2,521
UnitedStates,-110.69,43.6844,7,10
UnitedStates,-110.784,32.9845,1,56
UnitedStates,-111.501,39.2505,3,6
UnitedStates,-111.818,39.1552,6,2
UnitedStates,-111.854,40.1135,2,279
UnitedStates,-112.074,33.4484,1,28
UnitedStates,-112.268,47.8,3,5
UnitedStates,-113.994,46.8721,1,4
UnitedStates,-114.007,48.0516,1,4
UnitedStates,-114.222,44.8752,1,10
UnitedStates,-114.51,44.2394,2,231
UnitedStates,-115.137,36.175,0,4
UnitedStates,-115.676,36.5874,4,4
UnitedStates,-116.447,47.9702,4,3
UnitedStates,-117.274,32.8473,2,20
UnitedStates,-118.097,33.9831,2,8
UnitedStates,-118.4,34.0736,2,3
UnitedStates,-118.451,32.8167,4,10
UnitedStates,-118.452,33.9803,4,3
UnitedStates,-118.738,34.1431,4,6
UnitedStates,-118.932,34.1203,4,6
UnitedStates,-119.568,37.8499,3,27
UnitedStates,-119.682,34.0186,2,28
UnitedStates,-119.772,36.7477,2,36
UnitedStates,-119.834,36.0333,1,3
UnitedStates,-119.939,39.0894,4,3
UnitedStates,-120.001,34.25,1,1
UnitedStates,-120.019,38.1681,2,69
UnitedStates,-120.083,47.3076,1,4
UnitedStates,-120.612,35.0989,3,2
UnitedStates,-120.975,37.3491,2,2
UnitedStates,-121.082,36.5097,3,2
UnitedStates,-121.084,36.6166,2,10
UnitedStates,-121.494,38.5816,2,360
UnitedStates,-121.785,48.9165,2,38
UnitedStates,-121.868,39.066,4,2
UnitedStates,-122.166,37.4241,1,10
UnitedStates,-122.28,37.7083,1,3
UnitedStates,-122.301,40.1332,1,2
UnitedStates,-122.545,37.906,3,6
UnitedStates,-122.637,38.2324,2,112
UnitedStates,-122.65,47.6632,2,12
UnitedStates,-122.835,43.9165,3,8
UnitedStates,-122.938,46.1382,2,6
UnitedStates,-122.99,45.5229,3,4
UnitedStates,-124.038,41.5265,2,2
UnitedStates,-124.058,46.2443,1,18
UnitedStates,-147.21,60.8967,2,10
UnitedStates,-152.268,61.385,2,320
UnitedStates,-67.3103,44.5723,2,40
UnitedStates,-68.1112,46.9461,2,4
UnitedStates,-68.9211,44.1873,4,6
UnitedStates,-70.8622,41.7737,4,2
UnitedStates,-71.0598,42.3584,2,358
UnitedStates,-71.4328,42.4851,3,2
UnitedStates,-71.5101,41.6772,3,19
UnitedStates,-71.5653,43.4108,2,157
UnitedStates,-71.887,42.489,4,5
UnitedStates,-72.5329,41.4668,4,4
UnitedStates,-72.6507,41.5623,5,8
UnitedStates,-72.6634,42.3223,3,3
UnitedStates,-73.1761,44.0085,3,6
UnitedStates,-73.2104,40.7298,1,20
UnitedStates,-73.7558,42.6411,2,10
UnitedStates,-73.9221,41.6959,3,12
UnitedStates,-73.9524,40.8854,3,15
UnitedStates,-73.9662,40.7834,1,34
UnitedStates,-73.9976,40.6906,2,10
UnitedStates,-74.006,41.9695,1,50
UnitedStates,-74.0238,41.4768,3,6
UnitedStates,-74.0729,39.9443,2,2
UnitedStates,-74.0776,40.7282,1,7
UnitedStates,-74.1979,39.9537,2,10
UnitedStates,-74.206,41.2008,3,4
UnitedStates,-74.2501,41.8834,2,3
UnitedStates,-74.3776,40.489,1,1
UnitedStates,-74.4165,39.5043,3,2
UnitedStates,-74.5089,40.314,2,127
UnitedStates,-74.7829,41.7001,4,24
UnitedStates,-75.1704,42.3442,2,4
UnitedStates,-75.3471,39.4551,5,1
UnitedStates,-76.1416,38.6046,5,6
UnitedStates,-76.2499,41.3754,2,10
UnitedStates,-76.25,40.2504,1,20
UnitedStates,-76.3077,36.881,1,3
UnitedStates,-76.4436,36.9415,3,8
UnitedStates,-76.483,42.447,2,16
UnitedStates,-76.7202,41.5109,3,8
UnitedStates,-76.9161,36.5438,3,1
UnitedStates,-77.0178,38.8773,2,146
UnitedStates,-77.0364,38.8951,2,2773
UnitedStates,-77.3939,39.5259,2,4
UnitedStates,-77.4603,37.5538,2,22
UnitedStates,-78.2057,37.768,2,294
UnitedStates,-78.8147,35.4252,1,4
UnitedStates,-78.8867,33.6891,1,10
UnitedStates,-78.94,36.0015,2,2
UnitedStates,-79.3602,38.2065,1,113
UnitedStates,-79.8431,35.6411,2,263
UnitedStates,-79.922,32.8682,1,2
UnitedStates,-79.9309,32.7766,1,8
UnitedStates,-79.9428,40.4412,3,8
UnitedStates,-80.2934,25.7076,2,8
UnitedStates,-80.3256,27.4467,1,2
UnitedStates,-80.3377,25.5783,2,34
UnitedStates,-80.4164,27.0837,1,2
UnitedStates,-80.5048,41.0973,4,4
UnitedStates,-80.5762,28.0553,3,2
UnitedStates,-80.6653,28.2539,2,6
UnitedStates,-80.8428,35.4107,2,16
UnitedStates,-80.9696,38.468,2,192
UnitedStates,-81.5498,35.3335,2,18
UnitedStates,-81.6451,38.3551,1,6
UnitedStates,-81.7915,28.7919,4,5
UnitedStates,-81.8533,38.2487,2,4
UnitedStates,-81.8723,26.6406,3,8
UnitedStates,-82.0223,26.449,3,8
UnitedStates,-82.0576,29.2166,2,39
UnitedStates,-82.5783,28.1707,4,4
UnitedStates,-82.7493,29.2919,1,70
UnitedStates,-82.7755,40.3736,2,924
UnitedStates,-83.1333,41.3501,1,10
UnitedStates,-84.5603,43.3504,2,208
UnitedStates,-84.895,40.4984,2,10
UnitedStates,-84.9953,42.2573,1,10
UnitedStates,-85.1289,41.1306,6,14
UnitedStates,-85.4849,32.6021,1,1
UnitedStates,-86.2604,39.8647,3,69
UnitedStates,-86.3903,35.8456,3,4
UnitedStates,-87.1117,39.6134,2,10
UnitedStates,-87.1189,39.2642,5,20
UnitedStates,-87.6139,41.8678,4,10
UnitedStates,-87.679,46.4733,4,6
UnitedStates,-88.0092,30.4427,5,10
UnitedStates,-88.8834,41.2667,2,1
UnitedStates,-89.1523,45.1402,3,6
UnitedStates,-89.9367,29.1869,0,32
UnitedStates,-90.0751,29.9546,2,56
UnitedStates,-90.8335,46.3999,0,11
UnitedStates,-90.9193,43.9064,2,6
UnitedStates,-91.0204,28.9044,2,10
UnitedStates,-91.4337,30.411,2,6
UnitedStates,-91.8538,40.7256,4,2
UnitedStates,-92.0313,35.4915,10,10
UnitedStates,-93.0696,38.2759,6,4
UnitedStates,-93.2983,44.8408,5,6
UnitedStates,-93.7586,45.5833,5,4
UnitedStates,-93.7836,44.8,4,4
UnitedStates,-94.7225,45.3791,1,20
UnitedStates,-94.8803,47.4736,2,20
UnitedStates,-94.8836,46.0666,5,5
UnitedStates,-94.9297,43.9388,2,30
UnitedStates,-95.0586,46.9222,2,4
UnitedStates,-95.5054,29.6589,4,4
UnitedStates,-95.7836,41.6833,0,7
UnitedStates,-96.738,28.3053,1,3
UnitedStates,-97.0704,47.9205,1,14
UnitedStates,-97.1331,33.2148,1,20
UnitedStates,-97.2112,46.9005,2,12
UnitedStates,-97.3208,32.7254,2,4
UnitedStates,-97.6475,31.106,1,640
UnitedStates,-97.7389,30.286,2,10
UnitedStates,-97.8003,30.3335,3,8
UnitedStates,-97.9301,41.3742,7,4
UnitedStates,-98.342,40.925,3,2
UnitedStates,-99.3698,40.4403,6,8
UnitedStates,-99.4632,44.2853,3,131
UnitedStates,0.0,0.0,2,40
Uzbekistan,64.0,41.0,1,10
Venezuela,-68.0039,10.1806,2,2
Vietnam,106.0,16.0,2,28
Vietnam,106.667,10.75,2,8
Zimbabwe,25.843,-17.9235,2,10
Angola,13.2344,-8.83833,2,8
AntiguaandBarbuda,-61.8,17.05,3,2
Armenia,44.5136,40.1811,1,54
Australia,131.7,-14.65,5,4
Australia,133.0,-27.0,2,386
Australia,134.0,-20.0,3,10
Australia,138.604,-34.9197,2,10
Australia,142.867,-18.15,0,28
Australia,145.417,-16.3333,4,6
Australia,146.283,-42.2833,3,10
Australia,146.333,-38.1833,2,6
Australia,146.352,-41.1769,2,40
Australia,146.833,-18.0,2,511
Australia,148.389,-30.9539,1,2
Australia,148.716,-20.2672,4,8
Australia,148.952,-20.346,4,8
Australia,149.183,-35.3333,4,8
Australia,149.983,-36.7313,2,2
Australia,150.0,-30.55,2,19
Australia,150.118,-36.1652,3,4
Australia,150.175,-35.7066,3,6
Australia,150.294,-35.6654,1,2
Australia,150.7,-35.1333,5,40
Australia,151.276,-33.8902,2,10
Australia,151.285,-33.7985,1,8
Australia,151.767,-32.9,2,10
Australia,152.658,-26.1892,1,14
Australia,153.017,-27.5,1,72
Australia,153.517,-28.6167,1,1
Austria,13.8333,46.75,1,10
Austria,14.3053,46.6247,6,18
Austria,16.3667,48.2,4,22
Azerbaijan,49.8822,40.3953,1,35
Bahamas,-76.0,24.25,2,16
Bangladesh,89.6007,22.4894,2,20
Bangladesh,90.0,24.0,3,18
Bangladesh,90.1227,22.1572,0,10
Bangladesh,90.4086,23.7231,1,30
Botswana,25.9317,-24.6611,2,5
Brazil,-40.1833,-5.23333,1,10
Brazil,-40.3167,-13.6667,2,11
Brazil,-42.6,-22.8667,4,10
Brazil,-48.6333,-20.9167,4,10
Brazil,-52.6972,-23.4799,3,4
BritishVirginIslands,-64.3167,18.5,6,3
Cambodia,107.0,16.0,3,10
Canada,-109.1,48.5833,2,6
Canada,-111.633,57.1667,2,10
Canada,-125.917,49.15,1,3
Canada,-126.0,49.25,1,4
Canada,-59.7833,45.95,4,21
Canada,-63.1333,56.65,2,4
Canada,-75.7,45.4167,2,204
Canada,-79.3,45.0,5,2
Canada,-79.4167,43.6667,2,140
Canada,-80.25,43.55,1,8
Canada,-80.2667,43.1333,4,12
Chile,-68.9333,-22.3167,2,4
Chile,-70.6667,-33.45,1,64
Chile,-71.0,-30.0,2,260
Chile,-71.4167,-35.7,1,34
Chile,-74.0,-48.0,2,18
China,105.601,27.2239,2,10
China,105.911,23.1114,2,8
China,110.846,21.9392,2,2
China,113.25,23.1167,2,90
China,119.076,37.7575,1,2
China,119.8,39.9667,4,10
China,121.141,31.7867,2,16
China,129.336,42.7683,1,75
CostaRica,-83.1331,10.0395,1,6
Czechoslovakia,17.1167,48.15,1,8
Denmark,12.5833,55.6667,3,16
Ecuador,-75.4,-0.933333,1,5
Ecuador,-80.2167,-0.933333,2,4
Ethiopia,38.0,8.0,2,10
Finland,24.4833,64.6833,1,4
France,-3.11963,47.4841,0,10
France,2.0,46.0,1,161
Georgia,43.5,42.0,6,3
Germany,11.5833,48.15,2,20
Germany,14.4,51.3833,1,1
Ghana,-2.0,8.0,1,21
Greece,22.0,39.0,2,30
Greece,26.35,36.55,1,10
Greece,26.9833,37.75,2,10
Guatemala,-89.1333,15.4,1,36
Guatemala,-90.25,15.5,2,6
HongKong,114.1,22.35,1,10
HongKong,114.167,22.25,1,35
India,72.6667,23.0833,3,5
India,75.071,28.6293,6,12
India,76.1,34.5667,3,5
India,76.95,19.0167,0,6
India,76.9569,8.50694,1,10
India,77.0333,28.4667,0,5
India,77.2,28.6,5,85
India,77.3167,28.4333,1,10
India,77.5833,12.9833,1,5
India,77.8833,29.8667,1,10
India,78.4744,17.3753,4,7
India,78.7833,28.8333,0,4
India,78.9333,30.9833,3,4
India,79.0667,30.7333,2,10
India,79.1,21.15,9,7
India,79.8,10.9167,2,1
India,80.1986,12.9053,2,10
India,80.9167,26.85,0,2
India,83.0,25.3333,3,72
India,84.4167,20.5,1,10
India,92.0,24.0,1,4
India,93.55,24.9667,1,10
Indonesia,102.0,0.0,1,1
Indonesia,103.617,-1.6,1,5
Indonesia,108.134,-7.0065,2,6
Indonesia,112.337,-7.1046,3,3
Indonesia,120.0,-5.0,3,37
Iran,48.0226,39.2676,2,2
Iran,53.0,32.0,3,54
Iraq,44.0,33.0,2,27
Iraq,44.0106,36.1926,2,20
Ireland,-6.24889,53.3331,1,34
Ireland,-9.93139,52.2783,1,12
Israel,34.9482,29.558,1,8
Jamaica,-77.5,18.25,0,9
Japan,129.05,32.8667,2,10
Japan,135.75,35.0,2,28
Japan,138.0,36.0,1,224
Japan,139.751,35.685,0,153
Japan,141.024,45.2706,1,2
Kenya,34.7722,-0.67394,1,20
Kenya,35.1167,1.23333,3,10
Kenya,36.8167,0.083333,2,2
Kenya,36.8333,-1.36667,2,48
Kenya,36.928,-1.31943,1,10
Kenya,37.3333,-0.166667,0,10
Kenya,37.3435,0.658746,2,2
Kenya,39.4155,-4.36272,1,8
Kyrgyzstan,74.6003,42.8731,3,2
Laos,102.6,17.9667,1,4
Laos,105.867,14.8833,1,64
Latvia,25.05,57.8667,1,3
Madagascar,47.8655,-21.3808,4,10
Malaysia,100.467,4.93333,1,6
Malaysia,101.667,3.08333,1,6
Malaysia,102.241,2.196,2,10
Malaysia,103.432,3.9679,1,1
Malaysia,114.0,1.0,2,8
Malta,14.25,36.0494,2,8
Malta,14.3425,35.9747,1,10
Malta,14.5833,35.8333,1,49
Mexico,-106.05,24.3833,4,1
Mexico,-117.017,32.5333,2,4
Mozambique,32.5892,-25.9653,2,2
Mozambique,35.0,-18.25,2,5
Myanmar,98.0,22.0,2,26
Namibia,17.0,-22.0,1,28
NewZealand,169.117,-43.8,2,30
NewZealand,174.083,-35.2833,2,2
NewZealand,175.083,-36.3333,3,20
NewZealand,175.833,-37.3833,3,2
Nicaragua,-86.2683,12.1508,1,55
Nigeria,6.0,4.83333,1,15
Nigeria,6.45287,5.14931,3,2
Nigeria,6.99861,4.78917,3,6
Nigeria,7.53333,9.08333,4,10
Norway,5.98333,59.7333,0,90
Oman,57.0,21.0,1,4
Oman,58.5014,23.6807,0,15
Pakistan,65.785,26.4681,2,4
Pakistan,68.0,24.5,2,2
Pakistan,70.2315,28.4522,0,10
Pakistan,72.1502,34.796,3,5
Pakistan,73.1667,33.7,1,25
Pakistan,74.3125,35.9187,0,2
Peru,-76.0,-10.0,1,53
Philippines,120.067,15.05,1,344
Philippines,120.812,14.8419,2,2
Philippines,120.995,14.5243,2,3
Philippines,121.0,14.5833,3,12
Philippines,122.015,14.92,11,4
Philippines,122.512,13.6288,1,2
Philippines,123.307,9.307,2,8
Philippines,123.5,11.0,5,11
Philippines,124.575,11.0111,1,1
Poland,20.0,52.0,2,46
Romania,26.1,44.4333,5,125
Russia,172.0,67.5,1,14
Russia,30.2642,59.8944,3,20
Russia,37.6156,55.7522,1,39
Russia,52.7983,57.953,4,1
Russia,54.9641,57.2682,0,10
Russia,86.7189,51.7539,1,21
Russia,95.8414,56.7428,0,8
Rwanda,29.5902,-1.4426,4,6
Singapore,103.8,1.3667,2,10
SolomonIslands,159.0,-8.0,1,10
Somalia,49.0,10.0,2,10
SouthAfrica,24.0,-29.0,2,68
SouthAfrica,27.8667,-26.2667,1,10
SouthAfrica,28.0833,-26.2,3,75
SouthAfrica,31.0305,-24.4827,3,16
SriLanka,80.8128,6.4414,2,3
Swaziland,31.5,-26.5,1,22
Sweden,15.0,62.0,4,17
Sweden,17.6333,59.85,1,2
Switzerland,8.0,47.0,1,18
Taiwan,121.532,25.0478,2,10
Tanzania,37.5,-9.0,2,5
Thailand,100.517,13.75,3,65
TrinidadandTobago,-61.4167,10.45,3,8
TrinidadandTobago,-61.4167,10.5167,2,6
Tunisia,9.0,34.0,2,4
Turkey,26.3094,38.3533,2,20
Turkey,28.9647,41.0186,2,78
Turkey,29.3333,40.5333,0,10
Turkey,35.0,39.0,1,18
Turkey,36.914,38.2477,2,10
Turkmenistan,60.0,40.0,1,16
Uganda,30.1864,-0.25,0,8
Uganda,32.0,1.0,2,12
Uganda,32.5656,0.315556,2,17
Ukraine,32.0,49.0,2,12
UnitedArabEmirates,51.5019,24.3962,3,20
UnitedKingdom,-0.083333,50.9167,3,7
UnitedKingdom,-0.116667,51.5,2,346
UnitedKingdom,-2.0,54.0,2,437
UnitedKingdom,-3.78333,51.6,2,10
UnitedKingdom,-4.08333,53.0833,2,10
UnitedKingdom,-4.12611,51.6339,2,10
UnitedKingdom,-4.45,57.3,3,5
UnitedKingdom,-4.7,52.1167,3,2
UnitedKingdom,-7.63333,56.8167,4,20
UnitedKingdom,0.083333,52.3333,2,8
UnitedKingdom,0.116667,52.2,2,29
UnitedStates,-101.72,41.128,2,3
UnitedStates,-105.102,40.1672,3,2
UnitedStates,-106.237,34.8375,2,107
UnitedStates,-106.778,32.3123,2,2
UnitedStates,-108.28,32.7701,1,10
UnitedStates,-108.483,36.69,3,6
UnitedStates,-108.577,32.9659,1,10
UnitedStates,-109.027,32.6978,2,6
UnitedStates,-109.376,40.8744,4,16
UnitedStates,-109.501,38.8755,2,4
UnitedStates,-110.66,45.9938,4,10
UnitedStates,-110.926,32.2217,2,10
UnitedStates,-111.388,33.7712,1,382
UnitedStates,-111.867,40.7844,3,8
UnitedStates,-112.048,33.0581,1,15
UnitedStates,-112.454,34.7575,3,362
UnitedStates,-112.667,32.9167,1,1
UnitedStates,-115.084,32.9584,2,10
UnitedStates,-115.245,36.108,1,2
UnitedStates,-116.051,33.7334,1,6
UnitedStates,-116.203,43.6135,2,47
UnitedStates,-116.209,44.5002,3,2
UnitedStates,-117.157,32.7153,3,62
UnitedStates,-117.158,46.731,3,2
UnitedStates,-117.29,34.1083,5,3
UnitedStates,-117.393,33.2103,2,10
UnitedStates,-118.189,33.767,2,12
UnitedStates,-118.201,34.3667,2,32
UnitedStates,-118.244,34.0522,1,76
UnitedStates,-118.293,36.5785,2,30
UnitedStates,-118.781,34.2694,7,1
UnitedStates,-119.665,37.7163,4,5
UnitedStates,-119.98,34.5828,1,10
UnitedStates,-120.66,35.2828,3,10
UnitedStates,-120.671,35.4894,4,2
UnitedStates,-120.997,37.6391,2,30
UnitedStates,-121.068,37.2177,3,2
UnitedStates,-121.568,45.5379,1,30
UnitedStates,-121.868,37.9833,2,41
UnitedStates,-121.951,38.2332,2,5
UnitedStates,-122.046,47.3927,0,1
UnitedStates,-122.273,37.8716,2,43
UnitedStates,-122.332,47.6062,1,37
UnitedStates,-122.419,37.7749,3,318
UnitedStates,-122.676,45.5235,1,20
UnitedStates,-122.826,41.8612,1,1
UnitedStates,-123.087,39.9178,2,12
UnitedStates,-123.102,44.6529,2,8
UnitedStates,-123.106,44.1257,3,10
UnitedStates,-123.109,45.5209,2,10
UnitedStates,-149.9,61.2181,1,12
UnitedStates,-162.721,55.1858,2,10
UnitedStates,-65.8485,18.2075,2,3
UnitedStates,-68.6692,44.8992,2,6
UnitedStates,-69.6637,44.564,5,8
UnitedStates,-70.2409,43.6415,2,14
UnitedStates,-70.9111,41.8932,1,78
UnitedStates,-71.1662,41.8334,0,24
UnitedStates,-71.2717,41.7168,1,8
UnitedStates,-71.2762,42.4907,1,10
UnitedStates,-71.6023,42.1745,1,7
UnitedStates,-72.2698,42.6651,1,5
UnitedStates,-72.6559,42.9856,2,1
UnitedStates,-72.7622,41.5834,2,128
UnitedStates,-72.8684,41.2762,3,2
UnitedStates,-73.146,40.6476,5,10
UnitedStates,-73.2384,42.5006,0,18
UnitedStates,-73.3415,44.5437,1,2
UnitedStates,-73.4085,41.577,2,24
UnitedStates,-73.6979,42.3954,2,12
UnitedStates,-73.9737,40.7809,5,6
UnitedStates,-74.209,40.8259,3,10
UnitedStates,-74.3401,42.7965,4,8
UnitedStates,-74.3996,40.4334,5,2
UnitedStates,-74.426,40.8579,1,20
UnitedStates,-74.5329,40.8334,0,12
UnitedStates,-74.6413,39.8834,3,2
UnitedStates,-74.7429,40.2171,3,2
UnitedStates,-74.8399,42.6873,2,10
UnitedStates,-75.3749,40.5004,1,10
UnitedStates,-75.5148,39.3498,5,100
UnitedStates,-75.6249,40.7504,1,2
UnitedStates,-75.733,38.1335,2,25
UnitedStates,-76.061,43.152,3,158
UnitedStates,-76.3888,38.3812,3,70
UnitedStates,-76.405,38.319,2,6
UnitedStates,-76.4922,38.9784,2,3
UnitedStates,-76.5877,34.6649,2,29
UnitedStates,-76.6122,39.2904,2,18
UnitedStates,-76.6164,39.0001,6,3
UnitedStates,-76.7147,39.9507,4,14
UnitedStates,-77.0422,38.899,2,8
UnitedStates,-77.3497,38.8501,4,8
UnitedStates,-77.375,39.7504,1,8
UnitedStates,-77.3997,39.4668,2,1
UnitedStates,-77.9072,33.9968,2,100
UnitedStates,-78.5986,36.656,3,8
UnitedStates,-79.1214,33.4332,2,6
UnitedStates,-79.1423,37.4138,1,163
UnitedStates,-79.1514,33.3724,2,2
UnitedStates,-79.4595,33.2352,2,12
UnitedStates,-79.7133,33.1673,2,6
UnitedStates,-79.8095,40.3798,2,4
UnitedStates,-80.0534,26.7153,2,4
UnitedStates,-80.1434,26.1223,0,6
UnitedStates,-80.1937,25.7743,1,121
UnitedStates,-80.3989,35.7212,3,3
UnitedStates,-80.6193,33.744,2,314
UnitedStates,-80.8076,28.6122,2,16
UnitedStates,-80.8431,35.2271,2,14
UnitedStates,-80.8576,39.6445,4,9
UnitedStates,-80.9024,35.5688,4,2
UnitedStates,-80.9066,33.8191,2,409
UnitedStates,-80.927,29.0258,2,20
UnitedStates,-81.0165,32.4169,3,60
UnitedStates,-81.2993,39.9701,2,4
UnitedStates,-81.3665,40.8167,1,10
UnitedStates,-81.3792,28.5383,1,16
UnitedStates,-81.4035,41.5176,3,10
UnitedStates,-81.4537,37.7393,3,10
UnitedStates,-81.4831,26.1337,2,10
UnitedStates,-81.5792,26.6803,3,4
UnitedStates,-81.5998,33.5835,5,6
UnitedStates,-81.6484,30.3344,1,10
UnitedStates,-81.6556,30.3322,1,30
UnitedStates,-81.8831,26.567,2,16
UnitedStates,-81.9993,33.5024,3,17
UnitedStates,-82.0331,26.517,3,8
UnitedStates,-82.5825,27.765,3,5
UnitedStates,-82.7088,35.9429,4,5
UnitedStates,-82.9988,39.9612,3,9
UnitedStates,-83.0463,40.0631,3,6
UnitedStates,-83.4047,41.7214,1,7
UnitedStates,-84.4375,45.6875,1,12
UnitedStates,-84.4569,39.162,2,14
UnitedStates,-85.8125,34.5623,1,4
UnitedStates,-86.1555,39.7684,4,5
UnitedStates,-86.158,39.7684,3,10
UnitedStates,-86.8073,32.799,2,71
UnitedStates,-87.4089,41.5481,3,4
UnitedStates,-87.8501,42.3092,1,2
UnitedStates,-87.9065,43.0389,4,4
UnitedStates,-88.1456,39.0548,4,4
UnitedStates,-89.6812,32.7673,2,58
UnitedStates,-90.0815,29.9508,2,6
UnitedStates,-90.2335,46.2505,2,43
UnitedStates,-91.4137,29.6027,4,6
UnitedStates,-91.8749,31.1801,2,353
UnitedStates,-91.9002,38.8667,3,1
UnitedStates,-92.0198,30.2241,0,8
UnitedStates,-92.2835,38.5003,2,15
UnitedStates,-92.3168,42.4667,5,4
UnitedStates,-92.3809,34.9513,2,44
UnitedStates,-93.4647,41.6442,1,6
UnitedStates,-93.6077,41.6614,2,12
UnitedStates,-94.368,36.869,2,4
UnitedStates,-94.7405,32.5007,4,8
UnitedStates,-95.4002,29.8336,3,10
UnitedStates,-95.983,28.5947,2,120
UnitedStates,-96.8005,38.5111,0,95
UnitedStates,-96.8067,32.7831,3,66
UnitedStates,-97.0,38.0,2,1047
UnitedStates,-97.1317,33.0732,1,4
UnitedStates,-97.2453,33.3584,1,3
UnitedStates,-97.3375,37.6922,1,5
UnitedStates,-97.3964,27.8006,3,52
UnitedStates,-97.5858,26.3623,3,3
UnitedStates,-97.6336,26.467,1,64
UnitedStates,-97.7831,26.4815,2,24
UnitedStates,-98.2883,41.1289,1,240
UnitedStates,-98.4934,33.9137,3,8
UnitedStates,-98.4936,29.4241,1,66
UnitedStates,-99.793,47.5362,1,212
Venezuela,-71.5565,9.81576,1,8
Venezuela,-71.6534,10.7247,1,32
Vietnam,105.117,10.7,3,2
Vietnam,105.917,10.25,1,10
Vietnam,106.683,22.6833,3,26
Zimbabwe,26.4833,-18.3667,2,2
Zimbabwe,30.0,-20.0,2,31
Zimbabwe,31.6335,-19.6444,0,10